[
   {
      "clipCollectionName": "AmbientForest3",
      "fileList": [
         {
            "audioGroup": "AmbientLoop",
            "isThreeD": false,
            "path": "./AmbientForest3.ogg"
         }
      ]
   },
   {
      "clipCollectionName": "ambientForestNight",
      "fileList": [
         {
            "audioGroup": "AmbientLoop",
            "isThreeD": false,
            "path": "./ambientForestNight.ogg"
         }
      ]
   },
   {
      "clipCollectionName": "grunt",
      "fileList": [
         {
            "audioGroup": "Effects",
            "isThreeD": false,
            "path": "./grunt1.ogg",
            "volume": 0.4
         },
         {
            "audioGroup": "Effects",
            "isThreeD": false,
            "path": "./grunt2.ogg",
            "volume": 0.4
         },
         {
            "audioGroup": "Effects",
            "isThreeD": false,
            "path": "./grunt3.ogg",
            "volume": 0.4
         },
         {
            "audioGroup": "Effects",
            "isThreeD": false,
            "path": "./grunt4.ogg",
            "volume": 0.4
         },
         {
            "audioGroup": "Effects",
            "isThreeD": false,
            "path": "./grunt5.ogg",
            "volume": 0.4
         },
         {
            "audioGroup": "Effects",
            "isThreeD": false,
            "path": "./grunt6.ogg"
         }
      ]
   },
   {
      "clipCollectionName": "siegeModeActive",
      "fileList": [
         {
            "audioGroup": "Effects",
            "isThreeD": false,
            "path": "./War Drums.ogg"
         }
      ]
   }
]